<?xml version="1.0" encoding="UTF-8"?>
<beans
     xmlns="http://www.springframework.org/schema/beans"
     xmlns:beans="http://www.springframework.org/schema/beans"
     xmlns:atom="http://www.w3.org/2005/Atom"
     xmlns:cc="http://www.capeclear.com/assembly/10"
     xmlns:cloud="urn:com.workday/esb/cloud/10.0"
     xmlns:env="http://schemas.xmlsoap.org/soap/envelope/"
     xmlns:pi="urn:com.workday/picof"
     xmlns:wd="urn:com.workday/bsvc"
     xmlns:xsi="http://www.w3.org/2001/XMLSchema-instance">
 
	<cc:assembly id="WorkdayAssembly" version="2024.37">
        <cc:workday-in id="StartHere" routes-to="AsyncMediation0">
            <cc:integration-system name="VSR_HashMap_Mapping_Learn">
        <cloud:attribute-map-service name="VSR_Map">
          <cloud:map name="Mumbai">
            <cloud:internal-type>
              <cloud:simple-type>text</cloud:simple-type>
            </cloud:internal-type>
            <cloud:external-type>
              <cloud:simple-type>text</cloud:simple-type>
            </cloud:external-type>
          </cloud:map>
          <cloud:map name="Delhi">
            <cloud:internal-type>
              <cloud:simple-type>text</cloud:simple-type>
            </cloud:internal-type>
            <cloud:external-type>
              <cloud:simple-type>text</cloud:simple-type>
            </cloud:external-type>
          </cloud:map>
          <cloud:map name="Kolkata">
            <cloud:internal-type>
              <cloud:simple-type>text</cloud:simple-type>
            </cloud:internal-type>
            <cloud:external-type>
              <cloud:simple-type>text</cloud:simple-type>
            </cloud:external-type>
          </cloud:map>
        </cloud:attribute-map-service>
        <cloud:retrieval-service name="VSR_retrieval"/>
      </cc:integration-system>
        </cc:workday-in>
        <cc:async-mediation id="AsyncMediation" routes-to="Splitter0">
            <cc:steps>
                <cc:copy id="Copy" input="variable" input-variable="wd.retrieve.variable"/>
                <cc:log id="Log0">
                    <cc:log-message>
                        <cc:text>********************Input File Data*****************</cc:text>
                        <cc:message-content/>
                        <cc:text>********************Input File Data*****************</cc:text>
                    </cc:log-message>
                </cc:log>
                <cc:csv-to-xml id="CsvToXml" colNames="Emp_ID,Ext_Map,Age,Hobby" format="simple" separator="," useFirstLineAsHeader="true"/>
                <cc:log id="Log">
                    <cc:log-message>
                        <cc:text>**************XML Data******************</cc:text>
                        <cc:message-content/>
                        <cc:text>**************XML Data******************</cc:text>
                    </cc:log-message>
                </cc:log>
            </cc:steps>
        </cc:async-mediation>
        <cc:local-out id="GetEventDocuments" routes-response-to="Route" endpoint="vm://wcc/GetEventDocuments"><cc:set name="ie.event.wid" value="lp.isSet() ? lp.getIntegrationEventWID() : null"/></cc:local-out>
        <cc:route id="Route">
            <cc:doc-iterator variable-name="wd.retrieve.variable"/>
            <cc:sub-route name="Alternate" routes-to="AsyncMediation"/>
        </cc:route>
        <cc:async-mediation id="AsyncMediation0" routes-to="Splitter">
            <cc:steps>
                <cc:eval id="Eval">
                    <cc:expression>props['hashMap'] = new java.util.HashMap()</cc:expression>
                </cc:eval>
                <cc:xslt-plus id="XsltPlus" url="IntegrationMapValues.xsl"/>
                <cc:log id="Log">
                    <cc:log-message>
                        <cc:text>********************Map Data*****************</cc:text>
                        <cc:message-content/>
                        <cc:text>********************Map Data*****************</cc:text>
                    </cc:log-message>
                </cc:log>
            </cc:steps>
        </cc:async-mediation>
        <cc:splitter id="Splitter">
            <cc:sub-route name="SubRoute" routes-to="AsyncMediation1"/>
            <cc:xml-stream-splitter xpath="Root/KeyVal"/>
        </cc:splitter>
        <cc:async-mediation id="AsyncMediation1" routes-to="Aggregator">
            <cc:steps>
                <cc:eval id="Eval">
                    <cc:expression>props['INT_Value'] = parts[0].xpath('KeyVal/Int');</cc:expression>
                    <cc:expression>props['EXT_Value'] = parts[0].xpath('KeyVal/Ext');</cc:expression>
                    <cc:expression>//props['hashMap'].put(props['EXT_Value'],parts[0].text)</cc:expression>
                    <cc:expression>props['hashMap'].put(props['EXT_Value'],props['INT_Value'])</cc:expression>
                </cc:eval>
                <cc:log id="Log">
                    <cc:log-message>
                        <cc:text>*********************Int and Ext Value********************&#xD;
props['INT_Value'] : @{props['INT_Value']}&#xD;
props['EXT_Value'] : @{props['EXT_Value']}&#xD;
props['hashMap'] : @{props['hashMap']}&#xD;
*********************Int and Ext Value********************</cc:text>
                    </cc:log-message>
                </cc:log>
            </cc:steps>
        </cc:async-mediation>
        <cc:splitter id="Splitter0">
            <cc:sub-route name="SubRoute" routes-to="AsyncMediation10"/>
            <cc:xml-stream-splitter xpath="root/row"/>
        </cc:splitter>
        <cc:async-mediation id="AsyncMediation10" routes-to="Aggregator0">
            <cc:steps>
                <cc:eval id="Eval">
                    <cc:expression>props['Employee_ID'] = parts[0].xpath('row/Emp_ID');</cc:expression>
                    <cc:expression>props['EXT_Map'] = parts[0].xpath('row/Ext_Map');</cc:expression>
                    <cc:expression>props['hashMapData'] = props['hashMap'].get(props['EXT_Map'])</cc:expression>
                </cc:eval>
                <cc:log id="Log">
                    <cc:log-message>
                        <cc:text>*********************File Vallues********************&#xD;
props['Employee_ID'] : @{props['Employee_ID']}&#xD;
props['EXT_Map'] : @{props['EXT_Map']}&#xD;
&#xD;
props['hashMapData'] : @{props['hashMapData']}&#xD;
*********************File Vallues********************</cc:text>
                        <cc:message-content/>
                        <cc:text>********************************************************88</cc:text>
                    </cc:log-message>
                </cc:log>
                <cc:xslt-plus id="XsltPlus" url="Map.xslt"/>
                <cc:log id="Log0">
                    <cc:log-message>
                        <cc:text>********************8Final XSLT************************8</cc:text>
                        <cc:message-content/>
                        <cc:text>********************8Final XSLT************************8</cc:text>
                    </cc:log-message>
                </cc:log>
            </cc:steps>
        </cc:async-mediation>
        <cc:aggregator id="Aggregator" routes-to="AsyncMediation2">
            <cc:size-batch-strategy batch-size="-1"/>
            <cc:xml-message-content-collater>
        <cc:header-text>&lt;Top></cc:header-text>
        <cc:footer-text>&lt;/Top></cc:footer-text>
      </cc:xml-message-content-collater>
        </cc:aggregator>
        <cc:async-mediation id="AsyncMediation2" routes-to="GetEventDocuments">
            <cc:steps>
                <cc:log id="Log">
                    <cc:log-message>
                        <cc:text>**********************888Aggregator 1****************************</cc:text>
                        <cc:message-content/>
                        <cc:text>**********************888Aggregator 1****************************</cc:text>
                    </cc:log-message>
                </cc:log>
            </cc:steps>
        </cc:async-mediation>
        <cc:aggregator id="Aggregator0" routes-to="AsyncMediation3">
            <cc:size-batch-strategy batch-size="-1"/>
            <cc:xml-message-content-collater>
        <cc:header-text>&lt;Header></cc:header-text>
        <cc:footer-text>&lt;/Header></cc:footer-text>
      </cc:xml-message-content-collater>
        </cc:aggregator>
        <cc:async-mediation id="AsyncMediation3">
            <cc:steps>
                <cc:store id="Store" title="OP.xml"/>
            </cc:steps>
        </cc:async-mediation>
	</cc:assembly>

</beans>