<?xml version="1.0" encoding="UTF-8"?>
<wdnm:Diagram xmlns:wdnm="http://workday.com/studio/editors/notation">
  <element href="assembly.xml#WorkdayAssembly"/>
  <visualProperties>
    <element href="assembly.xml#AsyncMediation7"/>
  </visualProperties>
  <visualProperties>
    <element href="assembly.xml#HttpOut"/>
  </visualProperties>
  <visualProperties>
    <element href="assembly.xml#AsyncMediation1"/>
  </visualProperties>
  <visualProperties x="1537" y="264">
    <element href="assembly.xml#StartHere"/>
  </visualProperties>
  <connections type="routesTo" sourceAnchorX="1.0" sourceAnchorY="0.3617021276595745" targetAnchorX="0.673469387755102" targetAnchorY="0.3783783783783784">
    <source href="assembly.xml#AsyncMediation7"/>
    <target href="assembly.xml#HttpOut"/>
  </connections>
  <connections type="routesResponseTo" sourceAnchorX="0.7857142857142857" sourceAnchorY="1.0" targetAnchorX="0.03731343283582089" targetAnchorY="0.6276595744680851">
    <source href="assembly.xml#HttpOut"/>
    <target href="assembly.xml#AsyncMediation1"/>
  </connections>
  <connections type="routesTo" sourceAnchorX="1.0" sourceAnchorY="0.7027027027027027" targetAnchorX="0.027586206896551724" targetAnchorY="0.6836734693877551">
    <source href="assembly.xml#StartHere"/>
    <target href="assembly.xml#AsyncMediation7"/>
  </connections>
  <swimlanes x="306" y="185" name="MS token section">
    <elements href="assembly.xml#StartHere"/>
    <elements href="assembly.xml#AsyncMediation7"/>
    <elements href="assembly.xml#HttpOut"/>
    <elements href="assembly.xml#AsyncMediation1"/>
  </swimlanes>
</wdnm:Diagram>
